{
  "version": 1,
  "author": "Anonymous maker",
  "editor": "wokwi",
  "parts": [
    { "type": "wokwi-esp32-devkit-v1", "id": "esp", "top": -28.67, "left": -146, "attrs": {} },
    {
      "type": "wokwi-dht22",
      "id": "dht1",
      "top": -188.53,
      "left": 108.42,
      "rotate": 90,
      "attrs": {}
    }
  ],
  "connections": [
    [ "esp:TX0", "$serialMonitor:RX", "", [] ],
    [ "esp:RX0", "$serialMonitor:TX", "", [] ],
    [ "dht1:GND", "esp:GND.1", "black", [ "h-89.27", "v229.23" ] ],
    [ "dht1:VCC", "esp:3V3", "red", [ "h-80.6", "v2.57" ] ],
    [ "dht1:SDA", "esp:D14", "green", [ "h-255.91", "v227.11" ] ]
  ]
}